Customer Category,Item Category,SKU A,SKU A Desc,Original Price A,Original Quantity A,Optimized Price A,Optimized Quantity A,SKU B,SKU B Desc,Original Price B,Original Quantity B,Optimized Price B,Optimized Quantity B,Original Revenue A,Optimized Revenue A,Change in Revenue A,Original Revenue B,Optimized Revenue B,Change in Revenue B,Total Change in Revenue
SUPERMARKET,Raw,1030.0,SP01 SKINLESS CHIX BREAST,7.65,636.0,7.38387161188878,578.0532331737479,1031.0,SP02 CHIX BREAST,7.65,180.0,9.286818504463191,78.79809185302868,4865.400000000001,4268.270858592163,-597.1291414078378,1377.0,731.783577537097,-645.216422462903,-1242.3455638707408
SUPERMARKET,Raw,1030.0,SP01 SKINLESS CHIX BREAST,7.65,636.0,7.38387161188878,519.8548801584938,1032.0,SP03 CHICKEN FILLET,7.65,492.0,9.286818504463191,321.0233179834376,4865.400000000001,3838.541691904146,-1026.8583080958547,3763.8,2981.2852898127594,-782.5147101872408,-1809.3730182830955
SUPERMARKET,Raw,1030.0,SP01 SKINLESS CHIX BREAST,7.65,636.0,7.38387161188878,486.2079753365194,1033.0,SP04 CHICKEN DRUMSTICK,6.6,420.0,8.012157141105497,171.79480449130514,4865.400000000001,3590.0972665612453,-1275.3027334387552,2772.0,1376.4469696098333,-1395.5530303901667,-2670.855763828922
SUPERMARKET,Raw,1030.0,SP01 SKINLESS CHIX BREAST,7.65,636.0,7.38387161188878,609.306135374854,1034.0,SP05 CHIX MIDDLE WING,6.6,180.0,8.012157141105497,86.6499461409685,4865.400000000001,4499.038275944046,-366.36172405595426,1188.0,694.2529847497675,-493.7470152502325,-860.1087393061867
SUPERMARKET,Raw,1030.0,SP01 SKINLESS CHIX BREAST,7.65,636.0,7.38387161188878,463.49717747678363,1035.0,SP06 CHICKEN WINGSTICK,6.6,144.0,8.012157141105497,12.15553479497569,4865.400000000001,3422.4036509613984,-1442.9963490386021,950.4,97.39205491152082,-853.0079450884791,-2296.0042941270813
SUPERMARKET,Raw,1030.0,SP01 SKINLESS CHIX BREAST,7.65,636.0,7.38387161188878,462.01361732931525,1036.0,SP07 CHIX BONE IN THIGH,8.4,264.0,10.197290906861543,90.26208547015986,4865.400000000001,3411.449233303977,-1453.9507666960235,2217.6,920.4287433992206,-1297.1712566007793,-2751.1220232968026
SUPERMARKET,Raw,1030.0,SP01 SKINLESS CHIX BREAST,7.65,636.0,7.38387161188878,390.48703481885724,1037.0,SP08 CHIX BONLESS LEG,8.4,336.0,10.197290906861543,124.08410934410101,4865.400000000001,2883.3061312095856,-1982.093868790415,2822.4,1265.3217599006146,-1557.0782400993855,-3539.1721088898003
SUPERMARKET,Raw,1030.0,SP01 SKINLESS CHIX BREAST,7.65,636.0,7.38387161188878,1002.7300135833344,1152.0,SPICY CHICKEN CUTLET,17.25,6.0,20.940865255162098,6.451080947938429,4865.400000000001,7404.029681686833,2538.6296816868326,103.5,135.09121688092202,31.59121688092202,2570.2208985677544
SUPERMARKET,Raw,1031.0,SP02 CHIX BREAST,7.65,180.0,7.38387161188878,91.6302502047845,1032.0,SP03 CHICKEN FILLET,7.65,492.0,9.286818504463191,346.11127660895534,1377.0,676.5860032773743,-700.4139967226257,3763.8,3214.2726082154245,-549.5273917845757,-1249.9413885072013
SUPERMARKET,Raw,1031.0,SP02 CHIX BREAST,7.65,180.0,7.38387161188878,75.7295933249682,1033.0,SP04 CHICKEN DRUMSTICK,6.6,420.0,8.012157141105497,195.6309816072592,1377.0,559.1775943321147,-817.8224056678853,2772.0,1567.42616630608,-1204.57383369392,-2022.3962393618053
SUPERMARKET,Raw,1031.0,SP02 CHIX BREAST,7.65,180.0,7.38387161188878,148.2669290365439,1034.0,SP05 CHIX MIDDLE WING,6.6,180.0,8.012157141105497,90.73613929230007,1377.0,1094.7839682948647,-282.21603170513526,1188.0,726.9922063871451,-461.0077936128549,-743.2238253179902
SUPERMARKET,Raw,1031.0,SP02 CHIX BREAST,7.65,180.0,7.38387161188878,75.35456755808939,1035.0,SP06 CHICKEN WINGSTICK,6.6,144.0,8.012157141105497,19.540675700898905,1377.0,556.4084522183314,-820.5915477816686,950.4,156.56296435898383,-793.8370356410162,-1614.4285834226848
SUPERMARKET,Raw,1031.0,SP02 CHIX BREAST,7.65,180.0,7.38387161188878,35.07772462235528,1036.0,SP07 CHIX BONE IN THIGH,8.4,264.0,10.197290906861543,113.3059464685421,1377.0,259.0094150486612,-1117.9905849513389,2217.6,1155.4136976170053,-1062.1863023829947,-2180.1768873343335
SUPERMARKET,Raw,1031.0,SP02 CHIX BREAST,7.65,180.0,7.38387161188878,37.01446352171439,1037.0,SP08 CHIX BONLESS LEG,8.4,336.0,10.197290906861543,146.68101523302647,1377.0,273.31004642727964,-1103.6899535727202,2822.4,1495.7489828449602,-1326.6510171550399,-2430.34097072776
SUPERMARKET,Raw,1031.0,SP02 CHIX BREAST,7.65,180.0,7.38387161188878,264.0248567651341,1152.0,SPICY CHICKEN CUTLET,17.25,6.0,20.940865255162098,6.563378445148821,1377.0,1949.5256447010747,572.5256447010747,103.5,137.44282363849678,33.942823638496776,606.4684683395715
SUPERMARKET,Raw,1032.0,SP03 CHICKEN FILLET,7.65,492.0,7.38387161188878,364.0398998263072,1033.0,SP04 CHICKEN DRUMSTICK,6.6,420.0,8.012157141105497,171.61498644187336,3763.8,2688.023881922305,-1075.7761180776952,2772.0,1375.0062391409788,-1396.9937608590212,-2472.7698789367164
SUPERMARKET,Raw,1032.0,SP03 CHICKEN FILLET,7.65,492.0,7.38387161188878,495.65751704760066,1034.0,SP05 CHIX MIDDLE WING,6.6,180.0,8.012157141105497,84.40822495523419,3763.8,3659.8714693470574,-103.92853065294275,1188.0,676.2919623431188,-511.7080376568812,-615.6365683098239
SUPERMARKET,Raw,1032.0,SP03 CHICKEN FILLET,7.65,492.0,7.38387161188878,379.0440620457303,1035.0,SP06 CHICKEN WINGSTICK,6.6,144.0,8.012157141105497,10.54383757817681,3763.8,2798.8126893944773,-964.9873106055229,950.4,84.47888354664582,-865.9211164533542,-1830.9084270588771
SUPERMARKET,Raw,1032.0,SP03 CHICKEN FILLET,7.65,492.0,7.38387161188878,349.51893814151043,1036.0,SP07 CHIX BONE IN THIGH,8.4,264.0,10.197290906861543,89.78303613413232,3763.8,2580.8029651606093,-1182.9970348393908,2217.6,915.5437379610088,-1302.056262038991,-2485.053296878382
SUPERMARKET,Raw,1032.0,SP03 CHICKEN FILLET,7.65,492.0,7.38387161188878,328.77551506365285,1037.0,SP08 CHIX BONLESS LEG,8.4,336.0,10.197290906861543,119.63383654696112,3763.8,2427.636192362618,-1336.163807637382,2822.4,1219.9410335732869,-1602.4589664267132,-2938.622774064095
SUPERMARKET,Raw,1032.0,SP03 CHICKEN FILLET,7.65,492.0,7.38387161188878,748.2072550633316,1152.0,SPICY CHICKEN CUTLET,17.25,6.0,20.940865255162098,6.479059577663779,3763.8,5524.666310471362,1760.8663104713614,103.5,135.67711359602467,32.17711359602467,1793.043424067386
SUPERMARKET,Raw,1033.0,SP04 CHICKEN DRUMSTICK,6.6,420.0,6.370399037707966,321.1893031897622,1034.0,SP05 CHIX MIDDLE WING,6.6,180.0,8.012157141105497,92.71035644424079,2772.0,2046.1040279621532,-725.8959720378468,1188.0,742.8099444391598,-445.19005556084016,-1171.086027598687
SUPERMARKET,Raw,1033.0,SP04 CHICKEN DRUMSTICK,6.6,420.0,6.370399037707966,264.4935290096196,1035.0,SP06 CHICKEN WINGSTICK,6.6,144.0,8.012157141105497,14.796752688820202,2772.0,1684.9293226828645,-1087.0706773171355,950.4,118.55390772090276,-831.8460922790972,-1918.9167695962328
SUPERMARKET,Raw,1033.0,SP04 CHICKEN DRUMSTICK,6.6,420.0,6.370399037707966,232.54672057635207,1036.0,SP07 CHIX BONE IN THIGH,8.4,264.0,10.197290906861543,98.2691151062067,2772.0,1481.4154049817364,-1290.5845950182636,2217.6,1002.0787538978518,-1215.521246102148,-2506.1058411204117
SUPERMARKET,Raw,1033.0,SP04 CHICKEN DRUMSTICK,6.6,420.0,6.370399037707966,216.70681412775835,1037.0,SP08 CHIX BONLESS LEG,8.4,336.0,10.197290906861543,130.1913417829925,2772.0,1380.5088801842307,-1391.4911198157693,2822.4,1327.5989857158127,-1494.8010142841874,-2886.2921340999565
SUPERMARKET,Raw,1033.0,SP04 CHICKEN DRUMSTICK,6.6,420.0,6.370399037707966,645.875291282105,1152.0,SPICY CHICKEN CUTLET,17.25,6.0,20.940865255162098,6.5024032035957084,2772.0,4114.483334062874,1342.4833340628738,103.5,136.1659493212321,32.66594932123209,1375.149283384106
SUPERMARKET,Raw,1034.0,SP05 CHIX MIDDLE WING,6.6,180.0,6.370399037707966,82.95350977468647,1035.0,SP06 CHICKEN WINGSTICK,6.6,144.0,8.012157141105497,18.35580787663359,1188.0,528.4469588431609,-659.5530411568391,950.4,147.06961715953037,-803.3303828404696,-1462.8834239973087
SUPERMARKET,Raw,1034.0,SP05 CHIX MIDDLE WING,6.6,180.0,6.370399037707966,60.940686235807206,1036.0,SP07 CHIX BONE IN THIGH,8.4,264.0,10.197290906861543,106.77838494390826,1188.0,388.2164889538493,-799.7835110461507,2217.6,1088.8502538378773,-1128.7497461621226,-1928.5332572082734
SUPERMARKET,Raw,1034.0,SP05 CHIX MIDDLE WING,6.6,180.0,6.370399037707966,52.67379845531116,1037.0,SP08 CHIX BONLESS LEG,8.4,336.0,10.197290906861543,141.4700014705936,1188.0,335.5531149921375,-852.4468850078624,2822.4,1442.6107595897731,-1379.789240410227,-2232.2361254180896
SUPERMARKET,Raw,1034.0,SP05 CHIX MIDDLE WING,6.6,180.0,6.370399037707966,263.9358750173404,1152.0,SPICY CHICKEN CUTLET,17.25,6.0,20.940865255162098,6.555674635155446,1188.0,1681.376844227075,493.376844227075,103.5,137.28149919147415,33.781499191474154,527.1583434185492
SUPERMARKET,Raw,1035.0,SP06 CHICKEN WINGSTICK,6.6,144.0,6.370399037707966,0.0,1036.0,SP07 CHIX BONE IN THIGH,8.4,264.0,10.197290906861543,124.34109712023428,950.4,0.0,-950.4,2217.6,1267.942339013353,-949.657660986647,-1900.057660986647
SUPERMARKET,Raw,1035.0,SP06 CHICKEN WINGSTICK,6.6,144.0,6.370399037707966,17.180536351016624,1037.0,SP08 CHIX BONLESS LEG,8.4,336.0,10.197290906861543,154.7957037138681,950.4,109.44687223782302,-840.953127762177,2822.4,1578.4968219026607,-1243.9031780973394,-2084.8563058595164
SUPERMARKET,Raw,1035.0,SP06 CHICKEN WINGSTICK,6.6,144.0,6.370399037707966,216.77147501529947,1152.0,SPICY CHICKEN CUTLET,17.25,6.0,20.940865255162098,6.586459695922991,950.4,1380.92079584,430.52079584,103.5,137.92616500087928,34.42616500087928,464.9469608408793
SUPERMARKET,Raw,1036.0,SP07 CHIX BONE IN THIGH,8.4,264.0,8.107780593446503,125.77301205230738,1037.0,SP08 CHIX BONLESS LEG,8.4,336.0,10.197290906861543,133.00349233064188,2217.6,1019.7399862970109,-1197.860013702989,2822.4,1356.2753029240835,-1466.1246970759166,-2663.9847107789055
SUPERMARKET,Raw,1036.0,SP07 CHIX BONE IN THIGH,8.4,264.0,8.107780593446503,404.43469108070036,1152.0,SPICY CHICKEN CUTLET,17.25,6.0,20.940865255162098,6.519737933094964,2217.6,3279.067739660634,1061.467739660634,103.5,136.52895355591068,33.028953555910675,1094.4966932165446
SUPERMARKET,Raw,1037.0,SP08 CHIX BONLESS LEG,8.4,336.0,8.107780593446503,517.1240523285046,1152.0,SPICY CHICKEN CUTLET,17.25,6.0,20.940865255162098,6.5113567255013285,2822.4,4192.728355873463,1370.3283558734634,103.5,136.35344381701682,32.853443817016824,1403.1817996904801
SUPERMARKET,RTC,1158.0,(33) CRISPY CHICKEN SEAWEED 1KG,17.55,200.0,16.93947016845073,134.2180930544607,1160.0,(9) SKINLESS CHIX BREAST 345G,8.85,960.0,10.743574348300553,7526.933370289536,3510.0,2273.583383362381,-1236.416616637619,8496.0,80866.16827841008,72370.16827841008,71133.75166177246
SUPERMARKET,RTC,1158.0,(33) CRISPY CHICKEN SEAWEED 1KG,17.55,200.0,16.93947016845073,37.71435320690237,1162.0,(3) CRISPY CHIX S/WEED 400G,8.25,24.0,10.015196426381872,179.11375467577756,3510.0,638.8611610707368,-2871.1388389292633,198.0,1793.8594357446866,1595.8594357446866,-1275.2794031845767
SUPERMARKET,RTC,1158.0,(33) CRISPY CHICKEN SEAWEED 1KG,17.55,200.0,16.93947016845073,113.76316900606676,1163.0,(1) CRISPY CHIX ORIGINAL 400G,8.28,60.0,10.051615322477806,371.71338262832796,3510.0,1927.0878076466865,-1582.9121923533135,496.79999999999995,3736.319932396957,3239.5199323969573,1656.6077400436438
SUPERMARKET,RTC,1158.0,(33) CRISPY CHICKEN SEAWEED 1KG,17.55,200.0,16.93947016845073,129.42352172530966,1166.0,(2) SUPER CRISPY CHIX 400G,8.28,48.0,10.051615322477806,360.92944723883255,3510.0,2192.3658853617176,-1317.6341146382824,397.43999999999994,3627.9239621992942,3230.483962199294,1912.8498475610118
SUPERMARKET,RTC,1158.0,(33) CRISPY CHICKEN SEAWEED 1KG,17.55,200.0,16.93947016845073,286.00631094474386,1345.0,CHICK & CHEESE SAUSAGE,1.95,688.0,2.3672282462357153,1144.8619379824331,3510.0,4844.795372237132,1334.7953722371321,1341.6,2710.1495176321773,1368.5495176321774,2703.3448898693096
SUPERMARKET,RTC,1158.0,(33) CRISPY CHICKEN SEAWEED 1KG,17.55,200.0,16.93947016845073,234.05071592720077,9011.0,CONTAINER / STOCKS,153.75,1722.0,186.64684249166217,2216.800271076352,3510.0,3964.6951203533536,454.69512035335356,264757.5,413758.7710310619,149001.2710310619,149455.96615141525
SUPERMARKET,RTC,1158.0,(33) CRISPY CHICKEN SEAWEED 1KG,17.55,200.0,16.93947016845073,243.9984464430878,9016.0,CONTAINER / STOCKS,100.8,144.0,122.36749088233852,191.84561673931105,3510.0,4133.204404671009,623.2044046710089,14515.199999999999,23475.666757164254,8960.466757164255,9583.671161835264
SUPERMARKET,RTC,1158.0,(33) CRISPY CHICKEN SEAWEED 1KG,17.55,200.0,16.93947016845073,234.07755444766582,9006.0,CONTAINER / STOCKS,168.0,4261.0,203.94581813723084,5556.544739038651,3510.0,3965.149750670136,455.1497506701362,715848.0,1133234.0628193635,417386.06281936355,417841.2125700337
SUPERMARKET,RTC,1158.0,(33) CRISPY CHICKEN SEAWEED 1KG,17.55,200.0,16.93947016845073,286.6331190292174,1348.0,CHILLI CHICKEN SAUSAGE,1.95,784.0,2.3672282462357153,1264.9721877114573,3510.0,4855.413169085416,1345.4131690854156,1528.8,2994.477893453149,1465.6778934531492,2811.091062538565
SUPERMARKET,RTC,1160.0,(9) SKINLESS CHIX BREAST 345G,8.85,960.0,8.542125982381137,5972.177969077111,1162.0,(3) CRISPY CHIX S/WEED 400G,8.25,24.0,10.015196426381872,151.30570908807604,8496.0,51015.0966010578,42519.0966010578,198.0,1515.3563969500742,1317.3563969500742,43836.45299800787
SUPERMARKET,RTC,1160.0,(9) SKINLESS CHIX BREAST 345G,8.85,960.0,8.542125982381137,5789.221886795971,1163.0,(1) CRISPY CHIX ORIGINAL 400G,8.28,60.0,10.051615322477806,307.761838148975,8496.0,49452.26269696941,40956.26269696941,496.79999999999995,3093.5036080121718,2596.7036080121716,43552.96630498158
SUPERMARKET,RTC,1160.0,(9) SKINLESS CHIX BREAST 345G,8.85,960.0,8.542125982381137,6449.985860061179,1166.0,(2) SUPER CRISPY CHIX 400G,8.28,48.0,10.051615322477806,305.0076575238063,8496.0,55096.59180121954,46600.59180121954,397.43999999999994,3065.8196438393547,2668.3796438393547,49268.971445058894
SUPERMARKET,RTC,1160.0,(9) SKINLESS CHIX BREAST 345G,8.85,960.0,8.542125982381137,354.0114228243733,1345.0,CHICK & CHEESE SAUSAGE,1.95,688.0,2.3672282462357153,1141.208961947925,8496.0,3024.010172967794,-5471.989827032206,1341.6,2701.502089580468,1359.9020895804679,-4112.087737451739
SUPERMARKET,RTC,1160.0,(9) SKINLESS CHIX BREAST 345G,8.85,960.0,8.542125982381137,1.865174681370263e-13,9006.0,CONTAINER / STOCKS,168.0,4261.0,203.94581813723084,5609.51675604292,8496.0,1.593255710741238e-12,-8495.999999999998,715848.0,1144037.4841656785,428189.4841656785,419693.4841656785
SUPERMARKET,RTC,1160.0,(9) SKINLESS CHIX BREAST 345G,8.85,960.0,8.542125982381137,339.53488196154433,1348.0,CHILLI CHICKEN SAUSAGE,1.95,784.0,2.3672282462357153,1263.131196755155,8496.0,2900.34973712842,-5595.65026287158,1528.8,2990.119847660326,1461.3198476603259,-4134.330415211254
SUPERMARKET,RTC,1162.0,(3) CRISPY CHIX S/WEED 400G,8.25,24.0,7.962998797134958,94.56295938167538,1163.0,(1) CRISPY CHIX ORIGINAL 400G,8.28,60.0,10.051615322477806,328.8767216284386,198.0,753.0047318098029,555.0047318098029,496.79999999999995,3305.7422943266815,2808.942294326682,3363.947026136485
SUPERMARKET,RTC,1162.0,(3) CRISPY CHIX S/WEED 400G,8.25,24.0,7.962998797134958,105.67698866489752,1166.0,(2) SUPER CRISPY CHIX 400G,8.28,48.0,10.051615322477806,323.6571722225966,198.0,841.5057336234236,643.5057336234236,397.43999999999994,3253.2773915424905,2855.8373915424904,3499.343125165914
SUPERMARKET,RTC,1162.0,(3) CRISPY CHIX S/WEED 400G,8.25,24.0,7.962998797134958,10.209872283111533,1345.0,CHICK & CHEESE SAUSAGE,1.95,688.0,2.3672282462357153,1143.1643418234535,198.0,81.30120070931868,-116.69879929068132,1341.6,2706.1309200539395,1364.5309200539396,1247.8321207632582
SUPERMARKET,RTC,1162.0,(3) CRISPY CHIX S/WEED 400G,8.25,24.0,7.962998797134958,3.0435458605711365,9011.0,CONTAINER / STOCKS,153.75,1722.0,186.64684249166217,2223.4197982997034,198.0,24.23575202675304,-173.76424797324697,264757.5,414994.284886088,150236.784886088,150063.02063811474
SUPERMARKET,RTC,1162.0,(3) CRISPY CHIX S/WEED 400G,8.25,24.0,7.962998797134958,3.0013875531810816,9016.0,CONTAINER / STOCKS,100.8,144.0,122.36749088233852,193.60481349766147,198.0,23.900045475716787,-174.09995452428322,14515.199999999999,23690.935250451937,9175.735250451939,9001.635295927656
SUPERMARKET,RTC,1162.0,(3) CRISPY CHIX S/WEED 400G,8.25,24.0,7.962998797134958,3.0507663256490414,9006.0,CONTAINER / STOCKS,168.0,4261.0,203.94581813723084,5572.808956411653,198.0,24.29324858148315,-173.70675141851686,715848.0,1136551.081937862,420703.0819378621,420529.37518644356
SUPERMARKET,RTC,1162.0,(3) CRISPY CHIX S/WEED 400G,8.25,24.0,7.962998797134958,9.743253673960842,1348.0,CHILLI CHICKEN SAUSAGE,1.95,784.0,2.3672282462357153,1265.9155336354772,198.0,77.58551728593095,-120.41448271406905,1528.8,2996.7110085704603,1467.9110085704604,1347.4965258563914
SUPERMARKET,RTC,1163.0,(1) CRISPY CHIX ORIGINAL 400G,8.28,60.0,7.991955156397266,228.24652310185613,1166.0,(2) SUPER CRISPY CHIX 400G,8.28,48.0,10.051615322477806,329.8630099526422,496.79999999999995,1824.1359772336268,1327.3359772336269,397.43999999999994,3315.6560851586273,2918.2160851586273,4245.552062392254
SUPERMARKET,RTC,1163.0,(1) CRISPY CHIX ORIGINAL 400G,8.28,60.0,7.991955156397266,33.78140307754359,1345.0,CHICK & CHEESE SAUSAGE,1.95,688.0,2.3672282462357153,1149.705353725015,496.79999999999995,269.9794585159089,-226.82054148409105,1341.6,2721.61498818628,1380.0149881862799,1153.1944467021888
SUPERMARKET,RTC,1163.0,(1) CRISPY CHIX ORIGINAL 400G,8.28,60.0,7.991955156397266,17.647977847784745,9011.0,CONTAINER / STOCKS,153.75,1722.0,186.64684249166217,2231.474173886377,496.79999999999995,141.041847560588,-355.75815243941196,264757.5,416497.60865758255,151740.10865758255,151384.35050514314
SUPERMARKET,RTC,1163.0,(1) CRISPY CHIX ORIGINAL 400G,8.28,60.0,7.991955156397266,19.595646111880217,9016.0,CONTAINER / STOCKS,100.8,144.0,122.36749088233852,193.47721751509295,496.79999999999995,156.60752498677712,-340.19247501322286,14515.199999999999,23675.32165021836,9160.121650218362,8819.92917520514
SUPERMARKET,RTC,1163.0,(1) CRISPY CHIX ORIGINAL 400G,8.28,60.0,7.991955156397266,17.94961888086713,9006.0,CONTAINER / STOCKS,168.0,4261.0,203.94581813723084,5589.464617545734,496.79999999999995,143.45254917031178,-353.34745082968817,715848.0,1139947.9343744689,424099.93437446887,423746.5869236392
SUPERMARKET,RTC,1163.0,(1) CRISPY CHIX ORIGINAL 400G,8.28,60.0,7.991955156397266,32.876071615357795,1348.0,CHILLI CHICKEN SAUSAGE,1.95,784.0,2.3672282462357153,1272.8142950675424,496.79999999999995,262.7440900684445,-234.05590993155545,1528.8,3013.0419514964865,1484.2419514964865,1250.1860415649312
SUPERMARKET,RTC,1166.0,(2) SUPER CRISPY CHIX 400G,8.28,48.0,7.991955156397266,16.32816118317986,1345.0,CHICK & CHEESE SAUSAGE,1.95,688.0,2.3672282462357153,1150.3198081655742,397.43999999999994,130.49393196239996,-266.94606803759996,1341.6,2723.0695420939965,1381.4695420939966,1114.5234740563965
SUPERMARKET,RTC,1166.0,(2) SUPER CRISPY CHIX 400G,8.28,48.0,7.991955156397266,4.098586112134924,9011.0,CONTAINER / STOCKS,153.75,1722.0,186.64684249166217,2229.062277484556,397.43999999999994,32.75571641281493,-364.684283587185,264757.5,416047.4358097657,151289.9358097657,150925.25152617853
SUPERMARKET,RTC,1166.0,(2) SUPER CRISPY CHIX 400G,8.28,48.0,7.991955156397266,3.0886056944284705,9016.0,CONTAINER / STOCKS,100.8,144.0,122.36749088233852,194.52816620138253,397.43999999999994,24.683998205665574,-372.75600179433434,14515.199999999999,23803.923604005708,9288.723604005709,8915.967602211374
SUPERMARKET,RTC,1166.0,(2) SUPER CRISPY CHIX 400G,8.28,48.0,7.991955156397266,3.2710889890791317,9006.0,CONTAINER / STOCKS,168.0,4261.0,203.94581813723084,5598.922793517151,397.43999999999994,26.142396513305286,-371.29760348669464,715848.0,1141876.8898110455,426028.8898110455,425657.5922075588
SUPERMARKET,RTC,1166.0,(2) SUPER CRISPY CHIX 400G,8.28,48.0,7.991955156397266,15.944486682953258,1348.0,CHILLI CHICKEN SAUSAGE,1.95,784.0,2.3672282462357153,1272.6100088347102,397.43999999999994,127.42762256193582,-270.0123774380641,1528.8,3012.5583593558094,1483.7583593558095,1213.7459819177454
SUPERMARKET,RTC,1345.0,CHICK & CHEESE SAUSAGE,1.95,688.0,1.882163352050081,767.8075884033841,9011.0,CONTAINER / STOCKS,153.75,1722.0,186.64684249166217,2201.260731165672,1341.6,1445.1393043188023,103.53930431880235,264757.5,410858.3649729603,146100.86497296032,146204.40427727913
SUPERMARKET,RTC,1345.0,CHICK & CHEESE SAUSAGE,1.95,688.0,1.882163352050081,825.600458043356,9016.0,CONTAINER / STOCKS,100.8,144.0,122.36749088233852,189.74395969277003,1341.6,1553.914925564965,212.31492556496505,14515.199999999999,23218.492257683843,8703.292257683845,8915.607183248809
SUPERMARKET,RTC,1345.0,CHICK & CHEESE SAUSAGE,1.95,688.0,1.882163352050081,804.8548710917973,9006.0,CONTAINER / STOCKS,168.0,4261.0,203.94581813723084,5480.880652822977,1341.6,1514.8683420879731,173.26834208797322,715848.0,1117802.688852502,401954.68885250203,402127.95719459
SUPERMARKET,RTC,1345.0,CHICK & CHEESE SAUSAGE,1.95,688.0,1.882163352050081,1085.2423709972188,1348.0,CHILLI CHICKEN SAUSAGE,1.95,784.0,2.3672282462357153,1232.5976439640635,1341.6,2042.603418782903,701.003418782903,1528.8,2917.8399590353247,1389.0399590353247,2090.043377818228
SUPERMARKET,RTC,9016.0,CONTAINER / STOCKS,100.8,144.0,97.29336712135803,183.25321758066409,9006.0,CONTAINER / STOCKS,168.0,4261.0,203.94581813723084,5450.918769504947,14515.199999999999,17829.322574245653,3314.1225742456536,715848.0,1111692.088046274,395844.0880462739,399158.2106205196
SUPERMARKET,RTE,1331.0,BETAGRO BREAST GARLIC PEPPER,2.55,1728.0,2.4612905372962595,2920.0730459564315,1332.0,BETAGRO BREAST HERBS,2.55,1760.0,3.0956061681543967,2974.7989433998323,4406.4,7187.148156226431,2780.748156226431,4488.0,9208.805958207702,4720.805958207702,7501.554114434133
SUPERMARKET,RTE,1331.0,BETAGRO BREAST GARLIC PEPPER,2.55,1728.0,2.4612905372962595,2920.0333003330607,1333.0,BETAGRO BREAST PINK SALT,2.55,488.0,3.0956061681543967,748.7553258900224,4406.4,7187.050330699729,2780.6503306997292,1244.3999999999999,2317.8516052636087,1073.4516052636088,3854.1019359633383
SUPERMARKET,RTE,1331.0,BETAGRO BREAST GARLIC PEPPER,2.55,1728.0,2.4612905372962595,2919.603278575548,1330.0,BETAGRO BREAST HOT & SPICY,2.55,1976.0,3.0956061681543967,3343.031438955619,4406.4,7185.991922217131,2779.5919222171315,5038.799999999999,10348.708742765082,5309.908742765083,8089.500664982214
SUPERMARKET,RTE,1331.0,BETAGRO BREAST GARLIC PEPPER,2.55,1728.0,2.4612905372962595,2918.2265868944037,1334.0,BETAGRO BREAST BLACK PEPPER CK CUT,2.55,952.0,3.0956061681543967,1549.8971821811028,4406.4,7182.603484009556,2776.2034840095566,2427.6,4797.871277164941,2370.271277164941,5146.474761174497
SUPERMARKET,RTE,1331.0,BETAGRO BREAST GARLIC PEPPER,2.55,1728.0,2.4612905372962595,2906.3480224898126,1335.0,BETAGRO BREAST ROSEMARY GARLIC,2.55,544.0,3.0956061681543967,842.9839452092051,4406.4,7153.366885843872,2746.9668858438727,1387.1999999999998,2609.5463004447433,1222.3463004447435,3969.313186288616
SUPERMARKET,RTE,1331.0,BETAGRO BREAST GARLIC PEPPER,2.55,1728.0,2.4612905372962595,2895.84251122268,1336.0,BETAGRO BREAST LEMON & SPICES,2.55,528.0,3.0956061681543967,818.8007316803488,4406.4,7127.50977037262,2721.10977037262,1346.3999999999999,2534.684595479021,1188.2845954790212,3909.394365851641
SUPERMARKET,RTE,1331.0,BETAGRO BREAST GARLIC PEPPER,2.55,1728.0,2.4612905372962595,2876.210310158824,1337.0,BETAGRO BREAST YUZU PEPPER,2.55,512.0,3.0956061681543967,806.9416152206428,4406.4,7079.189219667854,2672.789219667854,1305.6,2497.9734414174936,1192.3734414174937,3865.1626610853477
SUPERMARKET,RTE,1331.0,BETAGRO BREAST GARLIC PEPPER,2.55,1728.0,2.4612905372962595,2911.0622273976933,1338.0,BETAGRO BREAST GARLIC BUTTER,2.55,1432.0,3.0956061681543967,2393.9309600452025,4406.4,7164.969913774515,2758.569913774515,3651.6,7410.667446051705,3759.0674460517052,6517.63735982622
SUPERMARKET,RTE,1332.0,BETAGRO BREAST HERBS,2.55,1760.0,2.4612905372962595,2983.4609925698696,1333.0,BETAGRO BREAST PINK SALT,2.55,488.0,3.0956061681543967,748.3230842131906,4488.0,7343.164309404726,2855.164309404726,1244.3999999999999,2316.513555262675,1072.113555262675,3927.2778646674005
SUPERMARKET,RTE,1332.0,BETAGRO BREAST HERBS,2.55,1760.0,2.4612905372962595,2982.6084973544266,1330.0,BETAGRO BREAST HOT & SPICY,2.55,1976.0,3.0956061681543967,3341.3568803358976,4488.0,7341.066070997866,2853.0660709978656,5038.799999999999,10343.524968772937,5304.724968772938,8157.791039770804
SUPERMARKET,RTE,1332.0,BETAGRO BREAST HERBS,2.55,1760.0,2.4612905372962595,2991.045383551076,1334.0,BETAGRO BREAST BLACK PEPPER CK CUT,2.55,952.0,3.0956061681543967,1548.2251062417895,4488.0,7361.831699157925,2873.831699157925,2427.6,4792.69518857358,2365.09518857358,5238.926887731504
SUPERMARKET,RTE,1332.0,BETAGRO BREAST HERBS,2.55,1760.0,2.4612905372962595,2983.0376053389678,1335.0,BETAGRO BREAST ROSEMARY GARLIC,2.55,544.0,3.0956061681543967,841.8228932407757,4488.0,7342.122230419695,2854.1222304196954,1387.1999999999998,2605.9521408097253,1218.7521408097255,4072.874371229421
SUPERMARKET,RTE,1332.0,BETAGRO BREAST HERBS,2.55,1760.0,2.4612905372962595,2978.0248709442017,1336.0,BETAGRO BREAST LEMON & SPICES,2.55,528.0,3.0956061681543967,817.3964197412929,4488.0,7329.784434687878,2841.7844346878783,1346.3999999999999,2530.3373987784666,1183.9373987784668,4025.721833466345
SUPERMARKET,RTE,1332.0,BETAGRO BREAST HERBS,2.55,1760.0,2.4612905372962595,2976.521585570527,1337.0,BETAGRO BREAST YUZU PEPPER,2.55,512.0,3.0956061681543967,804.7051906479235,4488.0,7326.084412622797,2838.0844126227967,1305.6,2491.0503517155717,1185.4503517155717,4023.5347643383684
SUPERMARKET,RTE,1332.0,BETAGRO BREAST HERBS,2.55,1760.0,2.4612905372962595,2982.749960044955,1338.0,BETAGRO BREAST GARLIC BUTTER,2.55,1432.0,3.0956061681543967,2391.5478958895173,4488.0,7341.4142517794435,2853.4142517794435,3651.6,7403.290417952259,3751.6904179522594,6605.104669731703
SUPERMARKET,RTE,1333.0,BETAGRO BREAST PINK SALT,2.55,488.0,2.4612905372962595,767.2381669141018,1330.0,BETAGRO BREAST HOT & SPICY,2.55,1976.0,3.0956061681543967,3388.8418702523227,1244.3999999999999,1888.3960400782069,643.996040078207,5038.799999999999,10490.519796452973,5451.719796452973,6095.715836531181
SUPERMARKET,RTE,1333.0,BETAGRO BREAST PINK SALT,2.55,488.0,2.4612905372962595,770.3801461587199,1334.0,BETAGRO BREAST BLACK PEPPER CK CUT,2.55,952.0,3.0956061681543967,1570.847900917703,1244.3999999999999,1896.1293638613665,651.7293638613667,2427.6,4862.726451313229,2435.1264513132287,3086.8558151745956
SUPERMARKET,RTE,1333.0,BETAGRO BREAST PINK SALT,2.55,488.0,2.4612905372962595,767.4476163524666,1335.0,BETAGRO BREAST ROSEMARY GARLIC,2.55,544.0,3.0956061681543967,854.8792867025062,1244.3999999999999,1888.9115559988961,644.5115559988963,1387.1999999999998,2646.369592943709,1259.1695929437092,1903.6811489426054
SUPERMARKET,RTE,1333.0,BETAGRO BREAST PINK SALT,2.55,488.0,2.4612905372962595,767.4685204624903,1336.0,BETAGRO BREAST LEMON & SPICES,2.55,528.0,3.0956061681543967,829.8206198979022,1244.3999999999999,1888.9630070870883,644.5630070870884,1346.3999999999999,2568.7978294176514,1222.3978294176516,1866.96083650474
SUPERMARKET,RTE,1333.0,BETAGRO BREAST PINK SALT,2.55,488.0,2.4612905372962595,765.7105241637562,1337.0,BETAGRO BREAST YUZU PEPPER,2.55,512.0,3.0956061681543967,816.9816844312077,1244.3999999999999,1884.636067432412,640.236067432412,1305.6,2529.0535415944155,1223.4535415944156,1863.6896090268276
SUPERMARKET,RTE,1333.0,BETAGRO BREAST PINK SALT,2.55,488.0,2.4612905372962595,766.9121504691597,1338.0,BETAGRO BREAST GARLIC BUTTER,2.55,1432.0,3.0956061681543967,2426.1343529430724,1244.3999999999999,1887.5936188872677,643.1936188872678,3651.6,7510.356467741851,3858.756467741851,4501.950086629118
SUPERMARKET,RTE,1330.0,BETAGRO BREAST HOT & SPICY,2.55,1976.0,2.4612905372962595,3366.858810186456,1334.0,BETAGRO BREAST BLACK PEPPER CK CUT,2.55,952.0,3.0956061681543967,1547.502296281621,5038.799999999999,8286.817729924467,3248.017729924468,2427.6,4790.457653602479,2362.857653602479,5610.875383526947
SUPERMARKET,RTE,1330.0,BETAGRO BREAST HOT & SPICY,2.55,1976.0,2.4612905372962595,3364.3179685962446,1335.0,BETAGRO BREAST ROSEMARY GARLIC,2.55,544.0,3.0956061681543967,841.1211616365111,5038.799999999999,8280.56398056171,3241.763980561711,1387.1999999999998,2603.779856127175,1216.5798561271754,4458.343836688886
SUPERMARKET,RTE,1330.0,BETAGRO BREAST HOT & SPICY,2.55,1976.0,2.4612905372962595,3363.6239806878625,1336.0,BETAGRO BREAST LEMON & SPICES,2.55,528.0,3.0956061681543967,816.5009730877715,5038.799999999999,8278.855874689812,3240.055874689813,1346.3999999999999,2527.5654485945724,1181.1654485945726,4421.221323284386
SUPERMARKET,RTE,1330.0,BETAGRO BREAST HOT & SPICY,2.55,1976.0,2.4612905372962595,3362.0418900775376,1337.0,BETAGRO BREAST YUZU PEPPER,2.55,512.0,3.0956061681543967,803.8324262511679,5038.799999999999,8274.961890041473,3236.161890041474,1305.6,2488.3486168656295,1182.7486168656296,4418.910506907104
SUPERMARKET,RTE,1330.0,BETAGRO BREAST HOT & SPICY,2.55,1976.0,2.4612905372962595,3372.971609251749,1338.0,BETAGRO BREAST GARLIC BUTTER,2.55,1432.0,3.0956061681543967,2388.6430015057076,5038.799999999999,8301.863104420267,3263.0631044202673,3651.6,7394.2980089799,3742.6980089799004,7005.761113400167
SUPERMARKET,RTE,1334.0,BETAGRO BREAST BLACK PEPPER CK CUT,2.55,952.0,2.4612905372962595,1585.495994695209,1335.0,BETAGRO BREAST ROSEMARY GARLIC,2.55,544.0,3.0956061681543967,845.3262723974503,2427.6,3902.3662886644383,1474.7662886644384,1387.1999999999998,2616.797222936511,1229.5972229365111,2704.3635116009496
SUPERMARKET,RTE,1334.0,BETAGRO BREAST BLACK PEPPER CK CUT,2.55,952.0,2.4612905372962595,1576.6305985196373,1336.0,BETAGRO BREAST LEMON & SPICES,2.55,528.0,3.0956061681543967,821.3516938267508,2427.6,3880.5459729481213,1452.9459729481214,1346.3999999999999,2542.581369634151,1196.1813696341512,2649.127342582273
SUPERMARKET,RTE,1334.0,BETAGRO BREAST BLACK PEPPER CK CUT,2.55,952.0,2.4612905372962595,1582.2472472530646,1337.0,BETAGRO BREAST YUZU PEPPER,2.55,512.0,3.0956061681543967,807.9783696227175,2427.6,3894.370177327023,1466.7701773270232,1305.6,2501.1828247394174,1195.5828247394174,2662.3530020664407
SUPERMARKET,RTE,1334.0,BETAGRO BREAST BLACK PEPPER CK CUT,2.55,952.0,2.4612905372962595,1554.5306472635568,1338.0,BETAGRO BREAST GARLIC BUTTER,2.55,1432.0,3.0956061681543967,2408.3050570269147,2427.6,3826.151572046822,1398.551572046822,3651.6,7455.163989329943,3803.5639893299435,5202.115561376766
SUPERMARKET,RTE,1335.0,BETAGRO BREAST ROSEMARY GARLIC,2.55,544.0,2.4612905372962595,872.6426501089817,1336.0,BETAGRO BREAST LEMON & SPICES,2.55,528.0,3.0956061681543967,826.9263607236716,1387.1999999999998,2147.8270971543675,760.6270971543677,1346.3999999999999,2559.8383428656653,1213.4383428656654,1974.065440020033
SUPERMARKET,RTE,1335.0,BETAGRO BREAST ROSEMARY GARLIC,2.55,544.0,2.4612905372962595,850.8987774542699,1337.0,BETAGRO BREAST YUZU PEPPER,2.55,512.0,3.0956061681543967,817.2025934347462,1387.1999999999998,2094.30910914515,707.1091091451503,1305.6,2529.73738886837,1224.1373888683702,1931.2464980135205
SUPERMARKET,RTE,1335.0,BETAGRO BREAST ROSEMARY GARLIC,2.55,544.0,2.4612905372962595,852.9471401854984,1338.0,BETAGRO BREAST GARLIC BUTTER,2.55,1432.0,3.0956061681543967,2426.448828471065,1387.1999999999998,2099.3507249524732,712.1507249524734,3651.6,7511.329960126039,3859.729960126039,4571.880685078512
SUPERMARKET,RTE,1336.0,BETAGRO BREAST LEMON & SPICES,2.55,528.0,2.4612905372962595,826.0673205417077,1337.0,BETAGRO BREAST YUZU PEPPER,2.55,512.0,3.0956061681543967,817.1695837789458,1346.3999999999999,2033.191679218981,686.7916792189812,1305.6,2529.6352039742656,1224.0352039742656,1910.8268831932469
SUPERMARKET,RTE,1336.0,BETAGRO BREAST LEMON & SPICES,2.55,528.0,2.4612905372962595,828.4586192112482,1338.0,BETAGRO BREAST GARLIC BUTTER,2.55,1432.0,3.0956061681543967,2426.17871726276,1346.3999999999999,2039.0773600061702,692.6773600061704,3651.6,7510.493802203522,3858.8938022035222,4551.571162209692
SUPERMARKET,RTE,1337.0,BETAGRO BREAST YUZU PEPPER,2.55,512.0,2.4612905372962595,812.568958056142,1338.0,BETAGRO BREAST GARLIC BUTTER,2.55,1432.0,3.0956061681543967,2421.100451093688,1305.6,1999.9682873642635,694.3682873642636,3651.6,7494.773490127013,3843.1734901270133,4537.541777491277
RETAIL,RTC,1155.0,(99) S/L CHIX BREAST FILLET 1.15KG,17.85,18.0,17.769012903241418,1.9984014443252818e-15,1158.0,(33) CRISPY CHICKEN SEAWEED 1KG,17.25,2.0,17.62986796926329,5.551115123125783e-17,321.3,3.550962105007222e-14,-321.29999999999995,34.5,9.786542670288829e-16,-34.5,-355.79999999999995
RETAIL,RTC,1155.0,(99) S/L CHIX BREAST FILLET 1.15KG,17.85,18.0,17.769012903241418,25.30885560615134,1162.0,(3) CRISPY CHIX S/WEED 400G,7.5,72.0,7.665159986636214,68.10049235572484,321.3,449.7133818319771,128.41338183197706,540.0,522.0011690753274,-17.998830924672575,110.41455090730449
RETAIL,RTC,1155.0,(99) S/L CHIX BREAST FILLET 1.15KG,17.85,18.0,17.769012903241418,17.379574924698147,1217.0,HONEY PORK RIBS,150.0,2.0,153.3031997327243,1.9985496197186414,321.3,308.81789108981235,-12.482108910187662,300.0,306.3840515274871,6.384051527487088,-6.098057382700574
RETAIL,RTC,1155.0,(99) S/L CHIX BREAST FILLET 1.15KG,17.85,18.0,17.769012903241418,17.607540254203673,1218.0,HONEY CHAR SIEW 5KG,16.2,15.0,16.556745571134222,15.211603039791916,321.3,312.86860997128775,-8.431390028712258,243.0,251.85464125892668,8.854641258926677,0.4232512302144187
RETAIL,RTC,1155.0,(99) S/L CHIX BREAST FILLET 1.15KG,17.85,18.0,17.769012903241418,17.580695406268543,1300.0,GRILLED BONEIN LEG 5PC,18.75,6.0,19.162899966590537,6.051947719704588,321.3,312.39160352194284,-8.90839647805717,112.5,115.97286875573472,3.472868755734723,-5.435527722322448
RETAIL,RTC,1155.0,(99) S/L CHIX BREAST FILLET 1.15KG,17.85,18.0,17.769012903241418,14.604425947108298,1316.0,GRILLED CHIX STEAK (5PKT),28.95,10.0,29.587517548415786,8.393702072790688,321.3,259.5062330986011,-61.7937669013989,289.5,248.34880737486844,-41.15119262513156,-102.94495952653045
RETAIL,RTC,1155.0,(99) S/L CHIX BREAST FILLET 1.15KG,17.85,18.0,17.769012903241418,22.919667244870887,1151.0,(22) SUPER CRISPY CHICKEN 1KG,14.62,534.0,14.941951867282858,868.7661569260986,321.3,407.2598630121105,85.95986301211047,7807.08,12981.06210071407,5173.982100714071,5259.941963726182
RETAIL,RTC,1155.0,(99) S/L CHIX BREAST FILLET 1.15KG,17.85,18.0,17.769012903241418,20.99447109886403,1100.0,JPS01 PORK SAUSAGE ORIGINAL,4.58,720.0,4.680857698505848,592.2895084492554,321.3,373.05102785244395,51.75102785244394,3297.6,2772.422905368942,-525.177094631058,-473.4260667786141
RETAIL,RTC,1155.0,(99) S/L CHIX BREAST FILLET 1.15KG,17.85,18.0,17.769012903241418,16.75360223520029,1120.0,A01 SPICY WINGSTICK,12.3,90.0,12.570862378083392,73.3709265909319,321.3,297.69497429304823,-23.60502570695178,1107.0,922.3358207270642,-184.66417927293583,-208.2692049798876
RETAIL,RTC,1158.0,(33) CRISPY CHICKEN SEAWEED 1KG,17.25,2.0,17.171735158594647,4.564007568167565,1162.0,(3) CRISPY CHIX S/WEED 400G,7.5,72.0,7.665159986636214,59.505822387281356,34.5,78.37192922239502,43.871929222395025,540.0,456.12164873487046,-83.87835126512954,-40.00642204273451
RETAIL,RTC,1158.0,(33) CRISPY CHICKEN SEAWEED 1KG,17.25,2.0,17.171735158594647,2.508161241098012,1217.0,HONEY PORK RIBS,150.0,2.0,153.3031997327243,2.0018579413664543,34.5,43.06948056718712,8.56948056718712,300.0,306.8912278218418,6.891227821841824,15.460708389028945
RETAIL,RTC,1158.0,(33) CRISPY CHICKEN SEAWEED 1KG,17.25,2.0,17.171735158594647,2.520618729199944,1218.0,HONEY CHAR SIEW 5KG,16.2,15.0,16.556745571134222,15.256305741053154,34.5,43.28339725361484,8.783397253614837,243.0,252.59477251005143,9.594772510051428,18.378169763666264
RETAIL,RTC,1158.0,(33) CRISPY CHICKEN SEAWEED 1KG,17.25,2.0,17.171735158594647,2.5192470099765805,1300.0,GRILLED BONEIN LEG 5PC,18.75,6.0,19.162899966590537,6.068833023280613,34.5,43.25984245439928,8.759842454399283,112.5,116.2964401390676,3.796440139067599,12.556282593466882
RETAIL,RTC,1158.0,(33) CRISPY CHICKEN SEAWEED 1KG,17.25,2.0,17.171735158594647,4.57435863990776,1316.0,GRILLED CHIX STEAK (5PKT),28.95,10.0,29.587517548415786,5.964083676452548,34.5,78.54967508492527,44.04967508492527,289.5,176.46243043725988,-113.03756956274012,-68.98789447781485
RETAIL,RTC,1158.0,(33) CRISPY CHICKEN SEAWEED 1KG,17.25,2.0,17.171735158594647,3.8517918539487415,1151.0,(22) SUPER CRISPY CHICKEN 1KG,14.62,534.0,14.941951867282858,829.5982974995513,34.5,66.14194960204006,31.641949602040057,7807.08,12395.817830418102,4588.737830418102,4620.379780020142
RETAIL,RTC,1158.0,(33) CRISPY CHICKEN SEAWEED 1KG,17.25,2.0,17.171735158594647,3.193583277274874,1100.0,JPS01 PORK SAUSAGE ORIGINAL,4.58,720.0,4.680857698505848,572.4331127254858,34.5,54.83936624428087,20.339366244280868,3297.6,2679.477942580756,-618.1220574192439,-597.782691174963
RETAIL,RTC,1158.0,(33) CRISPY CHICKEN SEAWEED 1KG,17.25,2.0,17.171735158594647,2.480831566856999,1120.0,A01 SPICY WINGSTICK,12.3,90.0,12.570862378083392,73.1283350546152,34.5,42.60018263914977,8.100182639149772,1107.0,919.2862359099393,-187.71376409006075,-179.61358145091097
RETAIL,RTC,1162.0,(3) CRISPY CHIX S/WEED 400G,7.5,72.0,7.465971808084629,72.72696046838055,1217.0,HONEY PORK RIBS,150.0,2.0,153.3031997327243,1.997500576703961,540.0,542.9774365446145,2.977436544614534,300.0,306.2232298766793,6.223229876679284,9.200666421293818
RETAIL,RTC,1162.0,(3) CRISPY CHIX S/WEED 400G,7.5,72.0,7.465971808084629,73.78757197694775,1218.0,HONEY CHAR SIEW 5KG,16.2,15.0,16.556745571134222,15.19735037263602,540.0,550.8959321669073,10.8959321669073,243.0,251.61866347511645,8.618663475116449,19.51459564202375
RETAIL,RTC,1162.0,(3) CRISPY CHIX S/WEED 400G,7.5,72.0,7.465971808084629,73.6654399202433,1300.0,GRILLED BONEIN LEG 5PC,18.75,6.0,19.162899966590537,6.0464999458890105,540.0,549.9840976746885,9.984097674688542,112.5,115.86847361106621,3.3684736110662072,13.352571285754749
RETAIL,RTC,1162.0,(3) CRISPY CHIX S/WEED 400G,7.5,72.0,7.465971808084629,86.96768931999686,1316.0,GRILLED CHIX STEAK (5PKT),28.95,10.0,29.587517548415786,7.663301846277088,540.0,649.2983166773593,109.29831667735925,289.5,226.73807785553043,-62.761922144469565,46.53639453288969
RETAIL,RTC,1162.0,(3) CRISPY CHIX S/WEED 400G,7.5,72.0,7.465971808084629,82.04808356593234,1151.0,(22) SUPER CRISPY CHICKEN 1KG,14.62,534.0,14.941951867282858,888.1053088276378,540.0,612.5686788106226,72.5686788106226,7807.08,13270.026777580943,5462.946777580943,5535.515456391565
RETAIL,RTC,1162.0,(3) CRISPY CHIX S/WEED 400G,7.5,72.0,7.465971808084629,57.7839819880497,1100.0,JPS01 PORK SAUSAGE ORIGINAL,4.58,720.0,4.680857698505848,652.4904521130703,540.0,431.4135804816491,-108.58641951835091,3297.6,3054.214955975027,-243.385044024973,-351.9714635433239
RETAIL,RTC,1162.0,(3) CRISPY CHIX S/WEED 400G,7.5,72.0,7.465971808084629,74.38780502873672,1120.0,A01 SPICY WINGSTICK,12.3,90.0,12.570862378083392,72.25113531163112,540.0,555.3772552098444,15.377255209844407,1107.0,908.2590786627961,-198.74092133720387,-183.36366612735947
RETAIL,RTC,1217.0,HONEY PORK RIBS,150.0,2.0,149.31943616169258,2.0094076387389417,1218.0,HONEY CHAR SIEW 5KG,16.2,15.0,16.556745571134222,15.2833082768039,300.0,300.04361563549685,0.04361563549684888,243.0,253.04184662425197,10.041846624251974,10.085462259748823
RETAIL,RTC,1217.0,HONEY PORK RIBS,150.0,2.0,149.31943616169258,2.008879560074113,1300.0,GRILLED BONEIN LEG 5PC,18.75,6.0,19.162899966590537,6.0791125874993615,300.0,299.9647632270156,-0.03523677298437633,112.5,116.49342639989163,3.993426399891632,3.958189626907256
RETAIL,RTC,1217.0,HONEY PORK RIBS,150.0,2.0,149.31943616169258,2.182411033082661,1316.0,GRILLED CHIX STEAK (5PKT),28.95,10.0,29.587517548415786,7.919542024116863,300.0,325.87638493296,25.87638493295998,289.5,234.31958861397396,-55.18041138602604,-29.304026453066058
RETAIL,RTC,1217.0,HONEY PORK RIBS,150.0,2.0,149.31943616169258,1.9533308053439753,1151.0,(22) SUPER CRISPY CHICKEN 1KG,14.62,534.0,14.941951867282858,906.8728494893156,300.0,291.6702544912273,-8.329745508772703,7807.08,13550.450466815006,5743.370466815006,5735.0407213062335
RETAIL,RTC,1217.0,HONEY PORK RIBS,150.0,2.0,149.31943616169258,2.111817829413774,1100.0,JPS01 PORK SAUSAGE ORIGINAL,4.58,720.0,4.680857698505848,616.0480556293026,300.0,315.3354475642742,15.335447564274205,3297.6,2883.63328384198,-413.96671615802006,-398.63126859374586
RETAIL,RTC,1217.0,HONEY PORK RIBS,150.0,2.0,149.31943616169258,1.981324733985516,1120.0,A01 SPICY WINGSTICK,12.3,90.0,12.570862378083392,73.18183510802187,300.0,295.8502921319328,-4.149707868067196,1107.0,919.9587777185345,-187.04122228146548,-191.19093014953268
RETAIL,RTC,1218.0,HONEY CHAR SIEW 5KG,16.2,15.0,16.1264991054628,15.240936380498496,1300.0,GRILLED BONEIN LEG 5PC,18.75,6.0,19.162899966590537,6.06030256216381,243.0,245.78294690652442,2.7829469065244155,112.5,116.13297176601742,3.6329717660174197,6.415918672541835
RETAIL,RTC,1218.0,HONEY CHAR SIEW 5KG,16.2,15.0,16.1264991054628,12.019857427024972,1316.0,GRILLED CHIX STEAK (5PKT),28.95,10.0,29.587517548415786,8.50938646908443,243.0,193.83822004470858,-49.16177995529142,289.5,251.7716214802874,-37.72837851971261,-86.89015847500403
RETAIL,RTC,1218.0,HONEY CHAR SIEW 5KG,16.2,15.0,16.1264991054628,14.585033375054849,1151.0,(22) SUPER CRISPY CHICKEN 1KG,14.62,534.0,14.941951867282858,906.9538649014719,243.0,235.2055276759671,-7.79447232403291,7807.08,13551.660995203953,5744.580995203953,5736.78652287992
RETAIL,RTC,1218.0,HONEY CHAR SIEW 5KG,16.2,15.0,16.1264991054628,13.511447517031103,1100.0,JPS01 PORK SAUSAGE ORIGINAL,4.58,720.0,4.680857698505848,638.529746190331,243.0,217.89234629690964,-25.107653703090364,3297.6,2988.8668781799965,-308.73312182000336,-333.8407755230937
RETAIL,RTC,1218.0,HONEY CHAR SIEW 5KG,16.2,15.0,16.1264991054628,14.804201060645786,1120.0,A01 SPICY WINGSTICK,12.3,90.0,12.570862378083392,73.18410009803397,243.0,238.73993516159567,-4.2600648384043325,1107.0,919.9872505962643,-187.0127494037357,-191.27281424214004
RETAIL,RTC,1300.0,GRILLED BONEIN LEG 5PC,18.75,6.0,18.664929520211572,5.098417308037036,1316.0,GRILLED CHIX STEAK (5PKT),28.95,10.0,29.587517548415786,8.41208505006761,112.5,95.1615997191381,-17.338400280861904,289.5,248.8927140376415,-40.6072859623585,-57.94568624322041
RETAIL,RTC,1300.0,GRILLED BONEIN LEG 5PC,18.75,6.0,18.664929520211572,5.652311698953109,1151.0,(22) SUPER CRISPY CHICKEN 1KG,14.62,534.0,14.941951867282858,910.4161756156773,112.5,105.4999994872271,-7.0000005127729,7807.08,13603.394675245188,5796.3146752451885,5789.314674732415
RETAIL,RTC,1300.0,GRILLED BONEIN LEG 5PC,18.75,6.0,18.664929520211572,5.847801000564619,1100.0,JPS01 PORK SAUSAGE ORIGINAL,4.58,720.0,4.680857698505848,627.7475409999792,112.5,109.14879352376133,-3.351206476238673,3297.6,2938.396910007868,-359.20308999213194,-362.5542964683706
RETAIL,RTC,1300.0,GRILLED BONEIN LEG 5PC,18.75,6.0,18.664929520211572,5.928543833321948,1120.0,A01 SPICY WINGSTICK,12.3,90.0,12.570862378083392,73.18487992863773,112.5,110.6558528064391,-1.8441471935609002,1107.0,919.9970537394623,-187.00294626053767,-188.84709345409857
RETAIL,RTC,1316.0,GRILLED CHIX STEAK (5PKT),28.95,10.0,28.818651179206668,10.102127434997515,1151.0,(22) SUPER CRISPY CHICKEN 1KG,14.62,534.0,14.941951867282858,907.5266660744444,289.5,291.12968671708717,1.6296867170871678,7807.08,13560.21976276003,5753.139762760031,5754.769449477118
RETAIL,RTC,1316.0,GRILLED CHIX STEAK (5PKT),28.95,10.0,28.818651179206668,10.478557129737192,1100.0,JPS01 PORK SAUSAGE ORIGINAL,4.58,720.0,4.680857698505848,623.1007478807718,289.5,301.97788278328517,12.477882783285168,3297.6,2916.645932662462,-380.9540673375377,-368.47618455425254
RETAIL,RTC,1316.0,GRILLED CHIX STEAK (5PKT),28.95,10.0,28.818651179206668,10.44388175895107,1120.0,A01 SPICY WINGSTICK,12.3,90.0,12.570862378083392,72.91786255716414,289.5,300.97858536809025,11.47858536809025,1107.0,916.6404151101103,-190.35958488988967,-178.88099952179942
RETAIL,RTC,1151.0,(22) SUPER CRISPY CHICKEN 1KG,14.62,534.0,14.553667711226304,426.2360877668601,1100.0,JPS01 PORK SAUSAGE ORIGINAL,4.58,720.0,4.680857698505848,633.1575629683209,7807.08,6203.298387891973,-1603.7816121080268,3297.6,2963.720452987466,-333.87954701253375,-1937.6611591205606
RETAIL,RTC,1151.0,(22) SUPER CRISPY CHICKEN 1KG,14.62,534.0,14.553667711226304,529.5294677500228,1120.0,A01 SPICY WINGSTICK,12.3,90.0,12.570862378083392,70.52386133947768,7807.08,7706.595916936358,-100.48408306364217,1107.0,886.5457552696098,-220.4542447303902,-320.9383277940324
RETAIL,RTC,1100.0,JPS01 PORK SAUSAGE ORIGINAL,4.58,720.0,4.559220117470347,746.3831461645078,1120.0,A01 SPICY WINGSTICK,12.3,90.0,12.570862378083392,72.8460197389844,3297.6,3402.9250553340344,105.32505533403446,1107.0,915.7372889299191,-191.26271107008085,-85.9376557360464
RETAIL,RTE,1331.0,BETAGRO BREAST GARLIC PEPPER,2.7,24.0,2.6877498509104667,24.74263896166768,1332.0,BETAGRO BREAST HERBS,2.7,24.0,2.7594575951890374,24.78047761218051,64.80000000000001,66.50202418035381,1.7020241803538028,64.80000000000001,68.3806771593434,3.580677159343395,5.282701339697198
RETAIL,RTE,1331.0,BETAGRO BREAST GARLIC PEPPER,2.7,24.0,2.6877498509104667,25.03172300874241,1333.0,BETAGRO BREAST PINK SALT,2.7,160.0,2.7594575951890374,164.9255627293674,64.80000000000001,67.27900978477952,2.4790097847795067,432.0,455.10509671437893,23.10509671437893,25.584106499158437
RETAIL,RTE,1332.0,BETAGRO BREAST HERBS,2.7,24.0,2.6877498509104667,25.03674571773445,1333.0,BETAGRO BREAST PINK SALT,2.7,160.0,2.7594575951890374,164.9101961841016,64.80000000000001,67.29250957012404,2.492509570124028,432.0,455.0626933843334,23.062693384333386,25.555202954457414
RETAIL,Raw,1030.0,SP01 SKINLESS CHIX BREAST,8.4,288.0,8.361888425054785,279.39382644700186,1031.0,SP02 CHIX BREAST,8.4,36.0,8.58497918503256,28.85010377064283,2419.2000000000003,2336.26000339895,-82.9399966010501,302.40000000000003,247.67754035699807,-54.72245964300197,-137.66245624405207
RETAIL,Raw,1030.0,SP01 SKINLESS CHIX BREAST,8.4,288.0,8.361888425054785,247.09997079887734,1032.0,SP03 CHICKEN FILLET,8.4,144.0,8.58497918503256,173.40133637513128,2419.2000000000003,2066.222385654508,-352.9776143454924,1209.6000000000001,1488.6468634373314,279.04686343733124,-73.93075090816114
RETAIL,Raw,1030.0,SP01 SKINLESS CHIX BREAST,8.4,288.0,8.361888425054785,270.2976658058236,1036.0,SP07 CHIX BONE IN THIGH,9.3,60.0,9.504798383428906,55.08714599246783,2419.2000000000003,2260.198923021043,-159.00107697895737,558.0,523.5922161769204,-34.407783823079626,-193.408860802037
RETAIL,Raw,1031.0,SP02 CHIX BREAST,8.4,36.0,8.361888425054785,17.968510236074646,1032.0,SP03 CHICKEN FILLET,8.4,144.0,8.58497918503256,184.96781704408951,302.40000000000003,150.250677758511,-152.14932224148905,1209.6000000000001,1587.9448592244194,378.3448592244192,226.19553698293018
RETAIL,Raw,1031.0,SP02 CHIX BREAST,8.4,36.0,8.361888425054785,24.823627240663356,1036.0,SP07 CHIX BONE IN THIGH,9.3,60.0,9.504798383428906,58.54828156915584,302.40000000000003,207.57240129157756,-94.82759870842247,558.0,556.4896120110528,-1.5103879889471727,-96.33798669736964
RETAIL,Raw,1032.0,SP03 CHICKEN FILLET,8.4,144.0,8.361888425054785,159.99202397275252,1036.0,SP07 CHIX BONE IN THIGH,9.3,60.0,9.504798383428906,52.370582495917084,1209.6000000000001,1337.835453358847,128.23545335884683,558.0,497.77182784642287,-60.228172153577134,68.00728120526969
